season,deputy_id,deputy_name,vist_rank,golos_rank,zakon_rank,allIn_rank,party_name_clean,days,times
7,99100052,Булавинов Вадим Евгеньевич,2,4,2,3,единая россия,1776,5
7,99100099,Говорухин Станислав Сергеевич,2,3,2,2,единая россия,617,7
7,99100110,Грешневиков Анатолий Николаевич,3,3,2,3,справедливая россия,1776,7
7,99100142,Жириновский Владимир Вольфович,5,3,2,4,лдпр,1776,7
7,99100145,Жуков Александр Дмитриевич,5,4,3,5,единая россия,1776,6
7,99100158,Затулин Константин Федорович,4,4,1,4,единая россия,1776,4
7,99100171,Зюганов Геннадий Андреевич,4,3,3,4,кпрф,1776,7
7,99100185,Калашников Сергей Вячеславович,2,3,1,2,лдпр,306,4
7,99100225,Кулик Геннадий Васильевич,3,5,2,4,единая россия,1224,7
7,99100248,Макаров Андрей Михайлович,5,5,4,5,единая россия,1776,6
7,99100295,Никонов Вячеслав Алексеевич,5,5,3,5,единая россия,1776,3
7,99100315,Плетнева Тамара Васильевна,5,3,3,4,кпрф,1776,7
7,99100316,Плотников Владимир Николаевич,3,5,4,4,единая россия,1776,5
7,99100319,Пономарёв Алексей Алексеевич,1,2,2,2,кпрф,1776,6
7,99100336,Решульский Сергей Николаевич,3,4,1,3,кпрф,261,7
7,99100398,Федоров Евгений Алексеевич,1,5,3,4,единая россия,1776,5
7,99100407,Харитонов Николай Михайлович,5,2,2,3,кпрф,1776,7
7,99100416,Чилингаров Артур Николаевич,1,2,2,1,единая россия,1776,6
7,99100452,Морозов Олег Викторович,2,5,1,3,единая россия,334,7
7,99100522,Иванов Сергей Владимирович,5,1,1,3,лдпр,1776,4
7,99100543,Алферов Жорес Иванович,2,2,1,2,кпрф,877,6
7,99100550,Курдюмов Александр Борисович,2,3,2,3,лдпр,1634,4
7,99100601,Рашкин Валерий Федорович,4,2,3,3,кпрф,1776,5
7,99100640,Арефьев Николай Васильевич,4,3,2,3,кпрф,1776,4
7,99100654,Шаккум Мартин Люцианович,2,3,3,3,единая россия,1776,5
7,99100666,Иванов Николай Николаевич,3,2,2,3,кпрф,1776,3
7,99100692,Карелин Александр Александрович,2,4,3,3,единая россия,1441,5
7,99100696,Скоч Андрей Владимирович,1,3,3,2,единая россия,1776,5
7,99100700,Чайка Валентин Васильевич,1,4,3,3,единая россия,1776,5
7,99100713,Неверов Сергей Иванович,5,4,3,5,единая россия,1775,5
7,99100733,Ковалев Николай Дмитриевич,1,2,3,2,единая россия,918,5
7,99100749,Исаев Андрей Константинович,5,5,4,5,единая россия,1776,5
7,99100750,Лебедев Игорь Владимирович,5,1,3,3,лдпр,1776,5
7,99100761,Крашенинников Павел Владимирович,5,5,5,5,единая россия,1776,5
7,99100776,Слуцкий Леонид Эдуардович,4,3,3,4,лдпр,1776,5
7,99100781,Муцоев Зелимхан Аликоевич,1,3,4,3,единая россия,1776,5
7,99100784,Аксаков Анатолий Геннадьевич,4,4,4,5,справедливая россия,1776,5
7,99100788,Шеин Олег Васильевич,5,3,3,4,справедливая россия,1775,5
7,99100790,Омаров Гаджимурад Заирбекович,1,3,3,3,справедливая россия,1776,2
7,99100799,Драпеко Елена Григорьевна,4,4,3,4,справедливая россия,1776,5
7,99100829,Володин Вячеслав Викторович,4,4,4,4,единая россия,1776,4
7,99100862,Игошин Игорь Николаевич,1,4,2,2,единая россия,1776,5
7,99100886,Резник Владислав Матусович,2,4,4,4,единая россия,1776,5
7,99100888,Сафаралиев Гаджимет Керимович,2,4,5,4,единая россия,1776,5
7,99100972,Строкова Елена Викторовна,1,3,2,2,лдпр,1776,1
7,99101528,Герасименко Николай Федорович,3,5,2,3,единая россия,1776,6
7,99102051,Гончар Николай Николаевич,3,5,3,5,единая россия,1776,6
7,99102119,Емельянов Михаил Васильевич,4,3,4,4,справедливая россия,1775,6
7,99102913,Кобзон Иосиф Давыдович,1,4,2,2,единая россия,694,6
7,99103008,Коломейцев Николай Васильевич,5,3,3,4,кпрф,1775,5
7,99103130,Коровников Александр Венидиктович,1,2,2,2,единая россия,674,2
7,99103226,Кравец Александр Алексеевич,3,3,2,3,кпрф,1776,5
7,99104023,Мельников Иван Иванович,2,3,3,3,кпрф,1776,6
7,99104631,Панина Елена Владимировна,2,4,2,3,единая россия,1776,5
7,99105318,Савицкая Светлана Евгеньевна,2,1,1,2,кпрф,1776,6
7,99105719,Смолин Олег Николаевич,5,2,3,3,кпрф,1776,6
7,99107007,Шурчанов Валентин Сергеевич,4,3,2,4,кпрф,1534,4
7,99107264,Бугера Михаил Евгеньевич,4,5,3,5,единая россия,1776,4
7,99107687,Гартунг Валерий Карлович,5,3,3,4,справедливая россия,1776,6
7,99107708,Пивненко Валентина Николаевна,3,4,2,3,единая россия,1776,5
7,99107891,Миронов Сергей Михайлович,4,4,4,4,справедливая россия,1776,3
7,99107896,Игнатов Виктор Александрович,1,2,4,2,единая россия,1776,1
7,99109163,Сидякин Александр Геннадьевич,4,5,3,5,единая россия,749,2
7,99109598,Кравченко Денис Борисович,3,5,2,4,единая россия,1776,1
7,99109600,Лавров Олег Леонидович,1,3,2,2,лдпр,1776,1
7,99109613,Петров Юрий Александрович,1,4,4,3,единая россия,1776,2
7,99109636,Чиндяскин Сергей Викторович,1,5,4,4,единая россия,1776,2
7,99109653,Азимов Рахим Азизбоевич,1,4,4,3,единая россия,1776,1
7,99109794,Скоробогатько Александр Иванович,1,2,1,1,единая россия,58,4
7,99109798,Морозов Антон Юрьевич,3,3,1,3,лдпр,1776,2
7,99109895,Поздняков Владимир Георгиевич,3,3,2,3,кпрф,1776,2
7,99109900,Ищенко Александр Николаевич,3,5,4,5,единая россия,1776,3
7,99109906,Казаков Виктор Алексеевич,1,5,3,3,единая россия,1776,4
7,99109912,Хинштейн Александр Евсеевич,4,4,4,5,единая россия,1072,4
7,99109921,Чижов Сергей Викторович,2,5,5,4,единая россия,1776,4
7,99109928,Хайруллин Айрат Назипович,1,5,3,4,единая россия,1220,4
7,99109940,Васильев Владимир Абдуалиевич,3,4,3,4,единая россия,363,4
7,99109942,Кармазина Раиса Васильевна,3,5,4,5,единая россия,1776,4
7,99109943,Ткачев Алексей Николаевич,2,3,4,4,единая россия,1776,4
7,99109949,Хованская Галина Петровна,5,4,2,4,справедливая россия,1776,4
7,99109953,Заварзин Виктор Михайлович,1,4,3,3,единая россия,1776,4
7,99109956,Максимова Надежда Сергеевна,4,5,4,5,единая россия,1776,4
7,99109957,Третьяк Владислав Александрович,1,5,1,2,единая россия,1776,4
7,99109963,Саблин Дмитрий Вадимович,1,2,4,2,единая россия,1776,4
7,99109981,Борцов Николай Иванович,1,4,2,2,единая россия,1776,4
7,99109998,Аршба Отари Ионович,4,5,4,5,единая россия,1776,4
7,99110020,Езерский Николай Николаевич,1,3,1,2,кпрф,1776,4
7,99110032,Тарасюк Василий Михайлович,2,3,1,2,лдпр,213,4
7,99110033,Шайхутдинов Рифат Габдулхакович,3,1,2,2,Без или др,1776,3
7,99110050,Кашин Владимир Иванович,5,3,3,4,кпрф,1776,4
7,99110082,Гаджиев Магомед Тажудинович,1,4,5,4,единая россия,1776,4
7,99110085,Гильмутдинов Ильдар Ирекович,4,5,4,5,единая россия,1776,4
7,99110089,Хор Глеб Яковлевич,3,4,4,4,единая россия,1776,4
7,99110096,Симановский Леонид Яковлевич,3,5,4,4,единая россия,1776,4
7,99110097,Фокин Александр Иванович,2,4,2,3,единая россия,1776,4
7,99110102,Панков Николай Васильевич,1,4,3,3,единая россия,1776,3
7,99110213,Нилов Ярослав Евгеньевич,5,2,4,4,лдпр,1776,3
7,99110299,Смирнов Юрий Валентинович,1,5,2,3,единая россия,1776,1
7,99110909,Аникеев Григорий Викторович,1,5,2,3,единая россия,1776,3
7,99110911,Афонин Юрий Вячеславович,3,3,3,3,кпрф,1776,3
7,99110914,Балыхин Григорий Артёмович,1,3,3,3,единая россия,1776,3
7,99110921,Богуславский Ирек Борисович,1,5,3,3,единая россия,1776,3
7,99110925,Бурков Александр Леонидович,2,1,2,2,справедливая россия,369,3
7,99110927,Валенчук Олег Дорианович,2,5,3,4,единая россия,1776,3
7,99110929,Водолацкий Виктор Петрович,4,4,5,5,единая россия,1776,3
7,99110932,Вторыгина Елена Андреевна,1,4,4,3,единая россия,1776,3
7,99110933,Вяткин Дмитрий Федорович,4,5,4,5,единая россия,1776,3
7,99110934,Гаврилов Сергей Анатольевич,3,1,2,3,кпрф,1776,3
7,99110941,Голушко Андрей Иванович,2,3,2,3,единая россия,1776,2
7,99110948,Делимханов Адам Султанович,1,5,3,3,единая россия,1776,3
7,99110949,Демченко Иван Иванович,1,3,2,2,единая россия,1776,3
7,99110954,Езубов Алексей Петрович,1,4,3,3,единая россия,1776,3
7,99110957,Железняк Сергей Владимирович,3,5,4,4,единая россия,1776,3
7,99110958,Журова Светлана Сергеевна,3,5,3,4,единая россия,1776,3
7,99110967,Зубарев Виктор Владиславович,2,4,4,4,единая россия,1776,3
7,99110982,Квитка Иван Иванович,1,5,3,4,единая россия,1776,3
7,99110985,Колесников Олег Алексеевич,1,1,2,1,единая россия,1776,3
7,99110990,Корниенко Алексей Викторович,3,1,2,3,кпрф,1776,3
7,99110999,Луговой Андрей Константинович,3,2,2,3,лдпр,1776,3
7,99111010,Мукабенова Марина Алексеевна,2,5,3,4,единая россия,1776,3
7,99111015,Напсо Юрий Аисович,1,3,2,2,лдпр,1776,3
7,99111018,Новиков Дмитрий Георгиевич,4,1,2,2,кпрф,1776,3
7,99111028,Петров Сергей Валериевич,1,5,3,3,единая россия,1776,3
7,99111035,Роднина Ирина Константиновна,2,4,2,3,единая россия,1776,3
7,99111037,Русских Алексей Юрьевич,2,3,1,2,кпрф,712,3
7,99111048,Свищев Дмитрий Александрович,1,3,3,2,лдпр,1776,3
7,99111049,Селезнев Валерий Сергеевич,1,2,2,2,лдпр,1776,3
7,99111054,Сибагатуллин Фатих Саубанович,1,4,3,3,единая россия,1776,3
7,99111057,Старшинов Михаил Евгеньевич,1,3,3,3,единая россия,1776,3
7,99111061,Тарасенко Михаил Васильевич,5,4,3,4,единая россия,1776,3
7,99111063,Терентьев Александр Васильевич,1,4,3,3,справедливая россия,1776,3
7,99111064,Терентьев Михаил Борисович,4,5,2,4,единая россия,1776,3
7,99111067,Тумусов Федот Семёнович,4,4,3,4,справедливая россия,1776,3
7,99111071,Фургал Сергей Иванович,2,3,3,3,лдпр,721,3
7,99111079,Черкасов Кирилл Игоревич,3,3,1,3,лдпр,1776,3
7,99111084,Шойгу Лариса Кужугетовна,1,4,2,3,единая россия,1709,3
7,99111086,Шхагошев Адальби Люлевич,4,5,4,5,единая россия,1776,3
7,99111093,Яровая Ирина Анатольевна,5,4,4,5,единая россия,1776,3
7,99111220,Кабанова Валентина Викторовна,3,5,3,4,единая россия,1776,3
7,99111374,Фетисов Вячеслав Александрович,2,3,2,3,единая россия,1776,1
7,99111399,Кидяев Виктор Борисович,1,5,5,4,единая россия,1776,3
7,99111543,Калашников Леонид Иванович,3,2,2,3,кпрф,1776,3
7,99111645,Шубин Игорь Николаевич,2,5,2,3,единая россия,1776,1
7,99111684,Деньгин Вадим Евгеньевич,3,4,2,3,лдпр,1448,2
7,99111704,Скруг Валерий Степанович,2,4,4,4,единая россия,1776,2
7,99111733,Крупенников Владимир Александрович,2,5,3,3,единая россия,1776,3
7,99111774,Абрамов Иван Николаевич,3,3,1,2,лдпр,616,2
7,99111776,Авдеев Михаил Юрьевич,1,3,1,2,кпрф,430,2
7,99111778,Алексеева Татьяна Олеговна,1,5,3,4,единая россия,1776,2
7,99111779,Алимова Ольга Николаевна,3,3,2,3,кпрф,1072,2
7,99111780,Ананских Игорь Александрович,2,3,3,3,справедливая россия,1776,2
7,99111787,Бариев Марат Мансурович,2,5,4,4,единая россия,1776,2
7,99111788,Баталина Ольга Юрьевна,3,5,4,4,единая россия,1241,2
7,99111789,Баталова Рима Акбердиновна,2,5,3,4,единая россия,1776,2
7,99111791,Белоусов Вадим Владимирович,2,3,3,3,справедливая россия,1776,2
7,99111793,Берулава Михаил Николаевич,1,2,1,1,кпрф,859,2
7,99111795,Бифов Анатолий Жамалович,1,1,2,1,кпрф,1776,2
7,99111798,Бортко Владимир Владимирович,4,1,2,3,кпрф,1776,2
7,99111801,Бурматов Владимир Владимирович,4,5,4,5,единая россия,1776,2
7,99111804,Валуев Николай Сергеевич,1,4,2,3,единая россия,1776,2
7,99111809,Выборный Анатолий Борисович,4,5,5,5,единая россия,1776,2
7,99111812,Геккиев Заур Далхатович,1,4,3,3,единая россия,1776,2
7,99111820,Гутенев Владимир Владимирович,4,5,3,4,единая россия,1776,2
7,99111822,Дегтярев Михаил Владимирович,4,2,2,3,лдпр,1384,2
7,99111823,Диденко Алексей Николаевич,5,2,3,4,лдпр,1775,2
7,99111827,Дорохин Павел Сергеевич,3,3,2,3,кпрф,1776,2
7,99111830,Епифанова Ольга Николаевна,3,2,3,3,справедливая россия,1449,2
7,99111831,Ефимов Виталий Борисович,2,4,1,3,единая россия,1776,2
7,99111832,Жарков Антон Викторович,1,5,4,3,единая россия,1776,2
7,99111833,Жигарев Сергей Александрович,4,2,2,3,лдпр,1776,2
7,99111836,Журавлев Алексей Александрович,2,4,2,3,Без или др,1776,2
7,99111844,Ильтяков Александр Владимирович,2,4,3,3,единая россия,1776,2
7,99111845,Ильясов Радик Сабитович,1,5,1,2,единая россия,243,2
7,99111850,Каминский Александр Викторович,1,5,3,3,единая россия,1776,2
7,99111852,Каргинов Сергей Генрихович,1,3,2,2,лдпр,1776,2
7,99111854,Карпов Анатолий Евгеньевич,1,4,3,3,единая россия,1776,2
7,99111855,Качкаев Павел Рюрикович,4,5,2,4,единая россия,1776,2
7,99111859,Когогина Альфия Гумаровна,3,4,3,4,единая россия,1776,2
7,99111867,Кривоносов Сергей Владимирович,3,5,1,3,единая россия,1776,2
7,99111873,Кулиева Василина Васильевна,2,4,2,3,лдпр,1776,2
7,99111875,Кумин Вадим Валентинович,2,1,1,1,кпрф,306,2
7,99111877,Курбанов Ризван Даниялович,2,3,2,2,кпрф,1508,2
7,99111880,Левин Леонид Леонидович,4,4,2,4,справедливая россия,1204,2
7,99111883,Лысаков Вячеслав Иванович,4,4,2,4,единая россия,1776,2
7,99111888,Максимова Светлана Викторовна,1,5,4,4,единая россия,1776,2
7,99111892,Марданшин Рафаэль Мирхатимович,4,5,5,5,единая россия,1776,2
7,99111893,Маринин Сергей Владимирович,2,3,2,3,лдпр,1776,2
7,99111904,Москвичев Евгений Сергеевич,4,5,3,5,единая россия,1776,2
7,99111908,Нарышкин Сергей Евгеньевич,1,1,1,1,Без или др,16,2
7,99111909,Некрасов Александр Николаевич,1,1,1,1,кпрф,1465,2
7,99111912,Нилов Олег Анатольевич,5,4,3,5,справедливая россия,1776,2
7,99111920,Петров Александр Петрович,3,5,4,5,единая россия,1776,2
7,99111922,Пимашков Петр Иванович,1,3,5,3,единая россия,1776,2
7,99111929,Прокопьев Александр Сергеевич,1,5,3,3,единая россия,1776,2
7,99111930,Рахматуллина Зугура Ягануровна,1,5,4,4,единая россия,1776,2
7,99111931,Ресин Владимир Иосифович,1,4,3,3,единая россия,1776,2
7,99111936,Савельев Дмитрий Иванович,3,3,3,3,лдпр,1776,2
7,99111937,Сафин Марат Мубинович,1,2,2,1,единая россия,233,2
7,99111939,Свинцов Андрей Николаевич,3,2,2,3,лдпр,1776,2
7,99111945,Синельщиков Юрий Петрович,4,2,3,4,кпрф,1776,2
7,99111948,Старовойтов Александр Сергеевич,4,3,2,3,лдпр,1776,2
7,99111950,Сухарев Иван Константинович,4,2,2,3,лдпр,1776,2
7,99111951,Тайсаев Казбек Куцукович,3,1,2,2,кпрф,1776,2
7,99111961,Хайров Ринат Шамильевич,1,5,4,4,единая россия,1776,2
7,99111967,Чепа Алексей Васильевич,3,3,3,3,справедливая россия,1776,2
7,99111970,Чиркова Ирина Александровна,1,4,1,2,справедливая россия,299,2
7,99111977,Шрейдер Виктор Филиппович,1,4,2,3,единая россия,1776,2
7,99111981,Ющенко Александр Андреевич,3,1,2,2,кпрф,1776,2
7,99111987,Агаев Ваха Абуевич,1,1,2,1,кпрф,1449,2
7,99111988,Иванюженков Борис Викторович,1,3,1,2,кпрф,558,2
7,99111991,Гаджиев Мурад Станиславович,1,3,5,3,единая россия,1776,2
7,99111992,Умаханов Умахан Магомедгаджиевич,2,4,3,4,единая россия,1776,2
7,99112000,Селимханов Магомед Саламович,1,5,4,4,единая россия,1776,2
7,99112001,Саралиев Шамсаил Юнусович,1,5,2,3,единая россия,1776,2
7,99112003,Ремезков Александр Александрович,3,2,3,3,справедливая россия,1776,2
7,99112007,Тен Сергей Юрьевич,2,4,3,3,единая россия,1776,2
7,99112009,Федяев Павел Михайлович,3,4,3,4,единая россия,1776,2
7,99112010,Брыксин Александр Юрьевич,1,3,3,2,единая россия,1776,2
7,99112011,Кононов Владимир Михайлович,2,4,3,4,единая россия,1776,2
7,99112012,Василенко Александр Борисович,1,4,3,3,единая россия,1776,2
7,99112014,Есяков Сергей Яковлевич,2,5,3,4,единая россия,1776,2
7,99112015,Красов Андрей Леонидович,4,5,4,5,единая россия,1776,2
7,99112016,Исаев Михаил Александрович,1,5,3,4,единая россия,369,2
7,99112018,Карлов Георгий Александрович,1,4,4,4,единая россия,1776,2
7,99112021,Афонский Владимир Игорьевич,3,4,5,4,единая россия,1776,2
7,99112023,Валеев Эрнест Абдулович,4,5,4,5,единая россия,1776,2
7,99112025,Терешкова Валентина Владимировна,2,3,1,3,единая россия,1776,2
7,99112028,Завальный Павел Николаевич,4,5,2,4,единая россия,1776,2
7,99112031,Пинский Виктор Витальевич,4,5,4,4,единая россия,1775,2
7,99112032,Васильев Александр Николаевич,2,5,2,3,единая россия,1776,2
7,99112035,Ледков Григорий Петрович,1,4,3,3,единая россия,1442,2
7,99112037,Лебедев Олег Александрович,2,2,2,2,кпрф,1776,2
7,99112039,Максимов Василий Юрьевич,2,4,3,3,единая россия,1776,2
7,99112060,Кривенко Татьяна Олеговна,1,5,1,2,единая россия,1131,1
7,99112105,Огуль Леонид Анатольевич,1,5,4,4,единая россия,1776,2
7,99112120,Аскендеров Заур Асевович,1,5,3,3,единая россия,1776,2
7,99112121,Аршинова Алёна Игоревна,3,5,3,5,единая россия,1776,2
7,99112126,Тимофеева Ольга Викторовна,3,5,3,4,единая россия,1776,2
7,99112127,Казакова Ольга Михайловна,2,5,4,4,единая россия,1776,2
7,99112175,Иванов Валерий Викторович,3,5,5,5,единая россия,1776,2
7,99112236,Катасонов Сергей Михайлович,5,2,2,3,лдпр,1776,2
7,99112242,Пономарев Аркадий Николаевич,1,3,3,3,единая россия,1776,2
7,99112286,Меткин Александр Михайлович,1,3,1,1,единая россия,135,2
7,99112362,Белых Ирина Викторовна,4,5,4,5,единая россия,1776,2
7,99112430,Ганзя Вера Анатольевна,5,3,2,4,кпрф,1776,2
7,99112432,Коткин Сергей Николаевич,1,5,4,4,единая россия,1776,1
7,99112466,Гусева Ирина Михайловна,4,5,5,5,единая россия,1776,2
7,99112467,Гришин Евгений Анатольевич,1,5,1,3,единая россия,208,2
7,99112481,Шерин Александр Николаевич,5,3,2,4,лдпр,1776,2
7,99112483,Макиев Зураб Гайозович,1,5,3,3,единая россия,1776,2
7,99112485,Вострецов Сергей Алексеевич,4,5,3,4,единая россия,1776,2
7,99112511,Антошкин Николай Тимофеевич,1,5,3,3,единая россия,1565,2
7,99112513,Антонова Лидия Николаевна,1,4,3,3,единая россия,1776,1
7,99112535,Зайцев Максим Сергеевич,2,3,1,3,лдпр,691,1
7,99112564,Чернышов Борис Александрович,4,2,1,3,лдпр,1303,1
7,99112573,Ооржак Мерген Дадар-оолович,2,5,3,4,единая россия,1776,1
7,99112577,Солнцева Светлана Юрьевна,1,5,2,3,единая россия,1776,1
7,99112608,Говорин Николай Васильевич,3,5,5,5,единая россия,1776,2
7,99112642,Романенко Роман Юрьевич,2,5,4,4,единая россия,1776,2
7,99112649,Митина Елена Анатольевна,2,5,5,4,единая россия,1776,2
7,99112650,Туров Артём Викторович,2,4,3,3,единая россия,1776,2
7,99112652,Сысоев Владимир Владимирович,4,3,2,3,лдпр,888,2
7,99112685,Ситников Алексей Владимирович,1,5,4,4,единая россия,1776,2
7,99112696,Березин Никита Владимирович,2,2,1,2,лдпр,453,1
7,99112709,Жутенков Владимир Александрович,1,4,3,3,единая россия,247,1
7,99112710,Фролова Тамара Ивановна,2,5,4,5,единая россия,1776,1
7,99112711,Шаманов Владимир Анатольевич,3,3,4,4,единая россия,1776,1
7,99112712,Адучиев Батор Канурович,1,5,4,3,единая россия,1776,1
7,99112719,Альшевских Андрей Геннадьевич,4,5,4,5,единая россия,1776,1
7,99112721,Байгускаров Зариф Закирович,4,5,4,5,единая россия,1776,1
7,99112722,Балыбердин Алексей Владимирович,3,5,3,4,единая россия,1776,1
7,99112723,Бальбек Руслан Исмаилович,2,5,2,3,единая россия,1776,1
7,99112724,Барышев Андрей Викторович,1,2,1,2,единая россия,1776,1
7,99112725,Бахарев Константин Михайлович,3,5,3,4,единая россия,1776,1
7,99112726,Бахметьев Виталий Викторович,2,5,3,4,единая россия,1776,1
7,99112727,Белеков Иван Итулович,1,5,3,3,единая россия,1776,1
7,99112728,Белик Дмитрий Анатольевич,4,4,5,5,единая россия,1776,1
7,99112729,Березуцкий Юрий Николаевич,1,5,4,4,единая россия,1776,1
7,99112730,Беспалова Марина Павловна,2,4,4,3,единая россия,1776,1
7,99112731,Бидонько Сергей Юрьевич,1,5,2,3,единая россия,803,1
7,99112732,Бикбаев Ильдар Зинурович,3,5,2,4,единая россия,1776,1
7,99112734,Боева Наталья Дмитриевна,4,5,4,5,единая россия,1776,1
7,99112735,Бокк Владимир Владимирович,2,5,2,3,единая россия,1776,1
7,99112736,Бондаренко Елена Вениаминовна,1,5,3,3,единая россия,1776,1
7,99112737,Бондарь Оксана Андреевна,1,5,4,4,единая россия,1776,1
7,99112738,Боташев Расул Борисович,1,4,2,2,единая россия,1776,1
7,99112739,Боярский Сергей Михайлович,3,5,4,5,единая россия,1776,1
7,99112740,Брыкин Николай Гаврилович,4,4,3,4,единая россия,1776,1
7,99112741,Бузилов Валерий Викторович,1,5,5,4,единая россия,1776,1
7,99112742,Букачаков Родион Борисович,1,5,3,3,единая россия,1776,1
7,99112743,Бурнашов Алексей Леонидович,1,3,4,3,единая россия,1776,1
7,99112745,Веллер Алексей Борисович,3,5,2,3,единая россия,1776,1
7,99112746,Ветлужских Андрей Леонидович,2,5,3,4,единая россия,1776,1
7,99112747,Власов Василий Максимович,4,3,1,3,лдпр,1766,1
7,99112748,Воробьев Александр Васильевич,1,5,3,3,единая россия,1776,1
7,99112749,Воронина Татьяна Евгеньевна,2,5,3,4,единая россия,1776,1
7,99112750,Гадыльшин Мурад Асфандиарович,1,5,3,3,единая россия,1776,1
7,99112751,Газзаев Валерий Георгиевич,4,4,3,4,справедливая россия,1776,1
7,99112752,Ганиев Фарит Глюсович,2,5,2,4,единая россия,1776,1
7,99112753,Гетта Антон Александрович,3,5,5,5,единая россия,1776,1
7,99112754,Гладких Борис Михайлович,3,5,3,4,единая россия,1776,1
7,99112755,Гоголева Татьяна Степановна,1,5,2,3,единая россия,1776,1
7,99112756,Грищенко Олег Васильевич,1,4,2,3,единая россия,255,1
7,99112757,Гулевский Михаил Владимирович,2,5,4,4,единая россия,1776,1
7,99112758,Дамдинов Алдар Валерьевич,1,5,3,4,единая россия,1776,1
7,99112759,Дерябкин Виктор Ефимович,2,5,2,4,единая россия,1776,1
7,99112760,Дзюба Виктор Викторович,1,3,2,2,единая россия,1776,1
7,99112761,Дивинский Игорь Борисович,4,5,5,5,единая россия,1776,1
7,99112762,Драчев Владимир Петрович,1,5,2,3,единая россия,1776,1
7,99112763,Духанина Любовь Николаевна,2,5,3,4,единая россия,1776,1
7,99112764,Евланов Владимир Лазаревич,2,5,2,3,единая россия,1776,1
7,99112765,Евтушенко Ирина Дмитриевна,1,5,3,4,единая россия,343,1
7,99112766,Елыкомов Валерий Анатольевич,1,4,3,3,единая россия,1776,1
7,99112768,Загребин Алексей Егорович,2,5,4,4,единая россия,1776,1
7,99112769,Земцов Николай Георгиевич,2,5,2,3,единая россия,1776,1
7,99112770,Зобнев Виктор Викторович,2,4,2,3,единая россия,1776,1
7,99112771,Иванов Максим Анатольевич,3,5,4,4,единая россия,1776,1
7,99112772,Изотов Алексей Николаевич,4,5,3,5,единая россия,1776,1
7,99112773,Исламов Дмитрий Викторович,2,5,3,4,единая россия,1776,1
7,99112774,Ишсарин Рамзил Рафаилович,2,5,4,4,единая россия,1776,1
7,99112775,Кавинов Артем Александрович,1,4,3,3,единая россия,1776,1
7,99112776,Казанков Сергей Иванович,1,3,2,2,кпрф,1776,1
7,99112777,Каличенко Андрей Владимирович,1,5,4,4,единая россия,1776,1
7,99112778,Канаев Алексей Валерианович,2,5,4,5,единая россия,1776,1
7,99112779,Катенев Владимир Иванович,1,5,4,4,единая россия,1776,1
7,99112780,Клыканов Александр Борисович,1,5,4,4,единая россия,1776,1
7,99112781,Кобзев Юрий Викторович,2,5,4,4,единая россия,1539,1
7,99112782,Ковпак Лев Игоревич,1,5,3,3,единая россия,1776,1
7,99112783,Козенко Андрей Дмитриевич,2,4,2,3,единая россия,1776,1
7,99112784,Козловский Александр Николаевич,2,5,2,3,единая россия,1776,1
7,99112786,Колесникова Надежда Борисовна,1,5,3,3,единая россия,616,1
7,99112787,Костенко Наталья Васильевна,3,5,2,4,единая россия,1776,1
7,99112788,Косяненко Евгений Викторович,1,4,3,3,единая россия,1776,1
7,99112789,Красноштанов Алексей Николаевич,1,3,3,3,единая россия,1776,1
7,99112790,Крючек Сергей Иванович,2,4,3,3,справедливая россия,1776,1
7,99112791,Кувычко Анна Александровна,2,4,3,3,единая россия,1776,1
7,99112792,Кудрявцев Максим Георгиевич,3,5,3,4,единая россия,1776,1
7,99112794,Кузьмин Михаил Владимирович,4,5,3,5,единая россия,1776,1
7,99112795,Куринный Алексей Владимирович,5,3,3,4,кпрф,1776,1
7,99112796,Лавриненко Алексей Федорович,1,5,3,3,единая россия,1776,1
7,99112797,Ламейкин Дмитрий Викторович,3,5,5,5,единая россия,1776,1
7,99112798,Левицкий Юрий Андреевич,1,5,4,4,единая россия,1776,1
7,99112799,Литовченко Анатолий Григорьевич,1,5,3,3,единая россия,1776,1
7,99112800,Лоор Иван Иванович,1,5,2,3,единая россия,1776,1
7,99112801,Любимов Николай Викторович,1,5,3,4,единая россия,132,1
7,99112802,Лященко Алексей Вадимович,2,4,3,4,единая россия,1776,1
7,99112803,Маграмов Абдулмажид Варисович,1,5,5,4,единая россия,1776,1
7,99112804,Макаровец Николай Александрович,1,1,1,1,единая россия,16,1
7,99112805,Максимов Александр Александрович,3,5,5,5,единая россия,1776,1
7,99112806,Марков Андрей Павлович,1,5,3,3,единая россия,1776,1
7,99112807,Марченко Евгений Евгеньевич,3,2,2,3,единая россия,1776,1
7,99112808,Медведев Иван Владимирович,2,5,3,4,единая россия,1776,1
7,99112809,Мельник Владимир Иванович,3,5,4,4,единая россия,1776,1
7,99112810,Милонов Виталий Валентинович,2,2,2,2,единая россия,1776,1
7,99112811,Минкин Иршат Султанович,1,5,4,4,единая россия,1776,1
7,99112812,Миронова Валентина Михайловна,2,5,3,4,единая россия,1776,1
7,99112813,Мищеряков Юрий Николаевич,2,3,3,3,единая россия,1776,1
7,99112814,Морозов Дмитрий Анатольевич,4,5,3,5,единая россия,1776,1
7,99112815,Москвин Денис Павлович,1,4,2,3,единая россия,1776,1
7,99112816,Натаров Сергей Васильевич,4,3,2,3,лдпр,1776,1
7,99112817,Николаев Николай Петрович,5,5,4,5,единая россия,1776,1
7,99112818,Николаев Олег Алексеевич,4,4,4,4,справедливая россия,1211,1
7,99112819,Николаева Виктория Викторовна,1,5,3,3,единая россия,1776,1
7,99112820,Новиков Владимир Михайлович,1,5,3,3,единая россия,1776,1
7,99112821,Носов Александр Алексеевич,2,5,4,4,единая россия,1776,1
7,99112822,Окунева Ольга Владимировна,4,5,4,5,единая россия,1776,1
7,99112823,Олейников Юрий Павлович,3,5,3,5,единая россия,1776,1
7,99112824,Онищенко Геннадий Григорьевич,4,5,3,5,единая россия,1776,1
7,99112825,Осипов Илья Владимирович,4,5,3,4,единая россия,1776,1
7,99112826,Палкин Андрей Васильевич,1,3,3,3,единая россия,1776,1
7,99112827,Панов Владимир Александрович,1,5,3,3,единая россия,469,1
7,99112828,Пантелеев Сергей Михайлович,3,3,1,3,кпрф,1776,1
7,99112829,Парфенов Денис Андреевич,3,3,2,3,кпрф,1776,1
7,99112830,Пахомов Сергей Александрович,2,5,3,4,единая россия,1776,1
7,99112831,Пашин Виталий Львович,3,3,2,3,лдпр,1776,1
7,99112832,Перминов Дмитрий Сергеевич,2,5,4,4,единая россия,1776,1
7,99112834,Петрунин Николай Юрьевич,1,5,4,4,единая россия,1776,1
7,99112835,Пискарев Василий Иванович,4,5,5,5,единая россия,1776,1
7,99112837,Поляков Александр Алексеевич,1,4,4,3,единая россия,1776,1
7,99112839,Пушкина Оксана Викторовна,2,4,1,3,единая россия,1776,1
7,99112840,Пятикоп Александр Иванович,3,5,3,4,единая россия,1776,1
7,99112841,Ревенко Евгений Васильевич,3,5,4,4,единая россия,1776,1
7,99112842,Романов Михаил Валентинович,1,5,5,4,единая россия,1776,1
7,99112843,Рудченко Валентина Васильевна,1,5,2,3,единая россия,1776,1
7,99112844,Рыжак Николай Иванович,4,4,3,4,справедливая россия,1776,1
7,99112845,Савастьянова Ольга Викторовна,5,5,3,5,единая россия,1776,1
7,99112847,Савченко Светлана Борисовна,3,5,3,4,единая россия,1776,1
7,99112848,Сазонов Дмитрий Валерьевич,3,5,2,4,единая россия,1776,1
7,99112849,Санина Наталья Петровна,2,5,4,4,единая россия,1776,1
7,99112850,Сапко Игорь Вячеславович,3,5,4,5,единая россия,1776,1
7,99112851,Сапрыкина Татьяна Васильевна,3,5,4,5,единая россия,1776,1
7,99112852,Селиверстов Виктор Валентинович,1,4,4,3,единая россия,1775,1
7,99112853,Серова Елена Олеговна,1,5,2,3,единая россия,1776,1
7,99112854,Серпер Евгений Александрович,1,4,3,3,единая россия,1776,1
7,99112855,Сидоров Александр Леонидович,1,5,3,3,единая россия,1776,1
7,99112856,Силанов Алексей Николаевич,1,4,3,3,единая россия,560,1
7,99112857,Синяговский Владимир Ильич,2,5,4,4,единая россия,1776,1
7,99112858,Скляр Геннадий Иванович,1,5,1,3,единая россия,1776,1
7,99112859,Скриванов Дмитрий Станиславович,3,3,4,4,единая россия,1776,1
7,99112860,Слыщенко Константин Григорьевич,3,5,4,4,единая россия,1776,1
7,99112861,Соломатина Татьяна Васильевна,2,5,4,4,единая россия,1776,1
7,99112862,Сопчук Сергей Андреевич,1,4,2,3,единая россия,1776,1
7,99112863,Станкевич Игорь Валентинович,3,5,4,4,единая россия,1776,1
7,99112864,Сураев Максим Викторович,3,5,2,4,единая россия,1776,1
7,99112865,Сухарев Игорь Николаевич,1,5,3,3,единая россия,1388,1
7,99112866,Таймазов Артур Борисович,2,4,2,3,единая россия,1776,1
7,99112867,Тетерин Иван Михайлович,3,5,4,5,единая россия,1776,1
7,99112868,Тихомиров Анатолий Федорович,1,5,3,4,единая россия,1776,1
7,99112869,Толстой Петр Олегович,4,3,3,4,единая россия,1776,1
7,99112870,Торощин Игорь Андреевич,4,4,1,3,лдпр,1776,1
7,99112871,Тутова Лариса Николаевна,3,5,4,4,единая россия,1776,1
7,99112873,Фаррахов Айрат Закиевич,4,5,4,5,единая россия,1776,1
7,99112874,Фирюлин Иван Иванович,1,5,2,3,единая россия,1776,1
7,99112875,Харсиев Алихан Анатольевич,1,4,3,3,единая россия,1776,1
7,99112876,Хохлов Алексей Алексеевич,2,5,3,4,единая россия,1776,1
7,99112877,Хуснулин Равиль Камильевич,1,5,4,3,единая россия,1776,1
7,99112878,Цыбизова Татьяна Игоревна,2,5,4,4,единая россия,1776,1
7,99112879,Чепиков Сергей Владимирович,1,5,3,3,единая россия,1776,1
7,99112880,Черкесов Леонид Ильич,1,5,3,3,единая россия,1776,1
7,99112881,Чернышев Андрей Владимирович,2,5,4,4,единая россия,1444,1
7,99112882,Чернышев Михаил Анатольевич,2,5,2,4,единая россия,1776,1
7,99112883,Черняева Нина Алексеевна,1,5,4,4,единая россия,1762,1
7,99112885,Шаргунов Сергей Александрович,3,3,2,3,кпрф,1776,1
7,99112886,Швыткин Юрий Николаевич,4,5,5,5,единая россия,1776,1
7,99112887,Шеремет Михаил Сергеевич,3,5,4,5,единая россия,1776,1
7,99112888,Шилков Данил Евгеньевич,2,3,2,3,лдпр,1079,1
7,99112889,Шишкоедов Василий Михайлович,1,4,3,3,единая россия,1776,1
7,99112890,Шолохов Александр Михайлович,3,5,2,4,единая россия,1776,1
7,99112891,Шперов Павел Валентинович,3,3,2,3,лдпр,1776,1
7,99112892,Шулепов Евгений Борисович,3,5,5,5,единая россия,1776,1
7,99112893,Щаблыкин Максим Иванович,3,5,3,4,единая россия,1776,1
7,99112894,Щапов Михаил Викторович,3,3,3,3,кпрф,1776,1
7,99112895,Эмиргамзаев Абдулгамид Гасанович,1,5,3,3,единая россия,1776,1
7,99112896,Юмашева Инга Альбертовна,2,4,2,3,единая россия,1776,1
7,99112897,Юрков Дмитрий Васильевич,3,5,4,4,единая россия,1776,1
7,99112899,Ямпольская Елена Александровна,4,5,2,4,единая россия,1776,1
7,99112911,Жупиков Александр Владимирович,1,3,3,2,единая россия,1776,1
7,99112912,Назарова Наталья Васильевна,1,5,4,4,единая россия,1776,1
7,99112913,Будуев Николай Робертович,1,4,3,3,единая россия,1776,1
7,99112914,Данчикова Галина Иннокентьевна,3,5,5,5,единая россия,1776,1
7,99112915,Кувшинова Наталья Сергеевна,2,5,3,4,единая россия,1776,1
7,99112916,Горелкин Антон Вадимович,3,5,3,4,единая россия,1776,1
7,99112917,Пушкарев Владимир Александрович,1,5,2,3,единая россия,1776,1
7,99112918,Зиннуров Ирек Хайдарович,1,5,4,4,единая россия,1532,1
7,99112919,Павлова Ольга Ивановна,3,5,3,4,единая россия,1776,1
7,99112920,Германова Ольга Михайловна,2,5,3,4,единая россия,1776,1
7,99112921,Богодухов Владимир Иванович,3,5,4,4,единая россия,1776,1
7,99112922,Кобилев Алексей Геннадьевич,2,5,5,5,единая россия,1776,1
7,99112923,Сайтиев Бувайсар Хамидович,1,4,2,3,единая россия,1776,1
7,99112924,Догаев Ахмед Шамханович,1,5,2,3,единая россия,1776,1
7,99112925,Газгиреев Юшаа Орснакиевич,1,5,3,3,единая россия,1776,1
7,99112926,Марьяш Ирина Евгеньевна,3,5,5,5,единая россия,1776,1
7,99112927,Хасанов Мурат Русланович,1,5,3,3,единая россия,1776,1
7,99112928,Воевода Алексей Иванович,1,5,4,4,единая россия,1776,1
7,99112929,Поклонская Наталья Владимировна,3,3,2,3,единая россия,1776,1
7,99112930,Блоцкий Владимир Николаевич,2,3,2,3,кпрф,1776,1
7,99112932,Грибов Александр Сергеевич,4,5,4,5,единая россия,1205,1
7,99112933,Касаева Татьяна Викторовна,3,5,4,4,единая россия,1776,1
7,99112934,Волков Юрий Геннадьевич,3,4,1,3,лдпр,1776,1
7,99112935,Петров Анатолий Ильич,1,5,5,4,единая россия,1776,1
7,99112936,Авдеев Александр Александрович,3,5,2,4,единая россия,1776,1
7,99112937,Бессарабов Даниил Владимирович,4,5,2,4,единая россия,1776,1
7,99112938,Осадчий Николай Иванович,5,4,2,4,кпрф,1776,1
7,99112939,Карамышев Виктор Николаевич,3,5,4,4,единая россия,988,1
7,99112940,Боженов Сергей Андреевич,2,5,3,4,единая россия,3552,1
7,99112979,Суббот Валентин Владимирович,1,5,4,4,единая россия,1434,1
7,99113014,Бессараб Светлана Викторовна,4,5,4,5,единая россия,1714,1
7,99113039,Пирог Дмитрий Юрьевич,2,5,4,4,единая россия,1629,1
7,99113040,Пилюс Наталия Николаевна,1,5,4,4,единая россия,1629,1
7,99113072,Андрейченко Андрей Валерьевич,4,4,3,4,лдпр,1538,1
7,99113073,Малов Николай Владимирович,1,5,4,4,единая россия,1508,1
7,99113126,Пайкин Борис Романович,3,3,3,3,лдпр,1436,1
7,99113127,Яхнюк Сергей Васильевич,1,5,3,3,единая россия,1436,1
7,99113128,Быков Олег Петрович,4,5,4,5,единая россия,1405,1
7,99113129,Ионин Дмитрий Александрович,4,3,3,4,справедливая россия,1384,1
7,99113201,Ярошук Александр Георгиевич,1,4,2,2,единая россия,1072,1
7,99113202,Сватковский Дмитрий Валерьевич,3,5,3,4,единая россия,1072,1
7,99113203,Примаков Евгений Александрович,2,4,2,3,единая россия,655,1
7,99113204,Веремеенко Сергей Алексеевич,1,5,3,4,единая россия,1072,1
7,99113205,Кузьмин Андрей Альбертович,2,4,1,3,лдпр,1072,1
7,99113290,Якубовский Александр Владимирович,2,4,2,3,единая россия,1055,1
7,99113311,Менделевич Борис Давыдович,1,5,2,3,единая россия,992,1
7,99113312,Марков Евгений Владимирович,2,2,1,2,лдпр,866,1
7,99113313,Пиляев Иван Сергеевич,2,3,1,2,лдпр,708,1
7,99113314,Бобрышев Юрий Иванович,1,5,1,2,единая россия,708,1
7,99113315,Пилипенко Ольга Васильевна,1,5,1,3,единая россия,708,1
7,99113316,Шипулин Антон Владимирович,1,3,3,3,единая россия,708,1
7,99113317,Моляков Игорь Юрьевич,4,4,2,4,справедливая россия,558,1
7,99113318,Гордеев Алексей Васильевич,1,5,2,3,единая россия,551,1
7,99113319,Сокол Сергей Михайлович,1,5,1,2,единая россия,511,1
7,99113320,Пьяных Дмитрий Сергеевич,2,3,1,2,лдпр,383,1
7,99113321,Золотарев Алексей Михайлович,1,3,1,2,единая россия,334,1
7,99113322,Самокутяев Александр Михайлович,1,4,1,2,справедливая россия,334,1
7,99113323,Коваленко Андрей Николаевич,1,4,1,2,единая россия,333,1
7,99113324,Лябихов Роман Михайлович,1,3,1,2,кпрф,284,1
7,99113325,Кузякин Дмитрий Викторович,1,3,1,2,кпрф,208,1
7,99113326,Лисовенко Алексей Анатольевич,1,5,1,3,единая россия,194,1
7,99113327,Парахин Гаврил Павлович,1,3,1,1,лдпр,124,1
